NDB_NO,Description,"Energy"(kcal)Per 100 g,"Sodium, Na"(mg)Per 100 g,"Fatty acids, total saturated"(g)Per 100 g,
14007,"Alcoholic beverage, beer, light, BUD LIGHT",29.0,3.0,--,,
14009,"Alcoholic beverage, daiquiri, canned",125.0,40.0,0.0,,
14534,"Alcoholic beverage, liqueur, coffee, 63 proof",308.0,8.0,0.106,,
14015,"Alcoholic beverage, pina colada, canned",237.0,71.0,6.571,,
14019,"Alcoholic beverage, tequila sunrise, canned",110.0,57.0,--,,
14027,"Alcoholic beverage, whiskey sour, canned",119.0,44.0,--,,
14098,"Alcoholic Beverage, wine, table, red, Cabernet Franc",83.0,--,--,,
14097,"Alcoholic Beverage, wine, table, red, Cabernet Sauvignon",83.0,--,--,,
14105,"Alcoholic Beverage, wine, table, red, Claret",83.0,--,--,,
14107,"Alcoholic Beverage, wine, table, red, Lemberger",80.0,--,--,,
14103,"Alcoholic Beverage, wine, table, red, Petite Sirah",85.0,--,--,,
14106,"Alcoholic beverage, wine, table, white",82.0,5.0,0.0,,
14160,"Alcoholic beverage, wine, table, white, Chardonnay",84.0,5.0,--,,
14116,"Alcoholic beverage, wine, table, white, Chenin Blanc",80.0,--,--,,
14140,"Alcoholic beverage, wine, table, white, Muscat",82.0,--,--,,
14138,"Alcoholic beverage, wine, table, white, Pinot Blanc",81.0,--,--,,
14132,"Alcoholic beverage, wine, table, white, Riesling",80.0,--,--,,
14134,"Alcoholic beverage, wine, table, white, Sauvignon Blanc",81.0,--,--,,
14126,"Alcoholic beverage, wine, table, white, Semillon",82.0,--,--,,
11004,"Amaranth leaves, cooked, boiled, drained, without salt",21.0,--,0.05,,
09014,"Apples, frozen, unsweetened, unheated",48.0,3.0,0.053,,
09004,"Apples, raw, without skin",48.0,0.0,0.021,,
09020,"Applesauce, canned, sweetened, without salt (includes USDA commodity)",68.0,2.0,0.03,,
09027,"Apricots, canned, heavy syrup pack, with skin, solids and liquids",83.0,4.0,0.005,,
09357,"Apricots, canned, heavy syrup, drained",83.0,4.0,0.007,,
09030,"Apricots, dehydrated (low-moisture), sulfured, uncooked",320.0,13.0,0.043,,
09033,"Apricots, dried, sulfured, stewed, without added sugar",85.0,4.0,0.006,,
18527,"ARCHWAY Home Style Cookies, Date Filled Oatmeal",400.0,331.0,2.76,,
18532,"ARCHWAY Home Style Cookies, Iced Molasses",420.0,605.0,4.16,,
18533,"ARCHWAY Home Style Cookies, Iced Oatmeal",435.0,377.0,4.61,,
18535,"ARCHWAY Home Style Cookies, Molasses",403.0,577.0,2.81,,
18544,"ARCHWAY Home Style Cookies, Raspberry Filled",400.0,334.0,5.16,,
11006,"Arrowhead, cooked, boiled, drained, without salt",78.0,18.0,--,,
18566,"Artificial Blueberry Muffin Mix, dry",407.0,760.0,1.865,,
11959,"Arugula, raw",25.0,27.0,0.086,,
11015,"Asparagus, canned, drained solids",19.0,287.0,0.147,,
11013,"Asparagus, canned, regular pack, solids and liquids",15.0,284.0,0.044,,
11012,"Asparagus, cooked, boiled, drained",22.0,14.0,0.048,,
11019,"Asparagus, frozen, cooked, boiled, drained, without salt",18.0,3.0,0.096,,
18986,"AUSTIN, Grilled Cheese on Wafer Crackers, sandwich-type",493.0,910.0,5.9,,
18989,"AUSTIN, Peanut Butter on Toasty Crackers, sandwich-type, reduced fat",463.0,648.0,2.9,,
07921,"Bacon and beef sticks",517.0,1420.0,16.0,,
18007,"Bagels, oat bran",255.0,590.0,0.191,,
18001,"Bagels, plain, enriched, with calcium propionate (includes onion, poppy, sesame)",264.0,422.0,0.36,,
18002,"Bagels, plain, enriched, with calcium propionate (includes onion, poppy, sesame), toasted",287.0,457.0,0.229,,
19146,"Baking chocolate, MARS SNACKFOOD US, M & M's Milk Chocolate Mini Baking Bits",502.0,68.0,14.466,,
19139,"Baking chocolate, MARS SNACKFOOD US, M & M's Semisweet Chocolate Mini Baking Bits",517.0,2.0,15.618,,
11024,"Balsam-pear (bitter gourd), pods, raw",17.0,5.0,--,,
11026,"Bamboo shoots, raw",27.0,4.0,0.069,,
07001,"Barbecue loaf, pork, beef",173.0,1334.0,3.17,,
20130,"Barley flour or meal",345.0,4.0,0.335,,
16001,"Beans, adzuki, mature seeds, raw",329.0,5.0,0.191,,
16009,"Beans, baked, canned, with pork",106.0,414.0,0.599,,
16018,"Beans, black turtle, mature seeds, canned",91.0,384.0,0.075,,
16017,"Beans, black turtle, mature seeds, cooked, boiled, without salt",130.0,3.0,0.089,,
16014,"Beans, black, mature seeds, raw",341.0,5.0,0.366,,
11029,"Beans, kidney, mature seeds, sprouted, raw",29.0,6.0,0.072,,
16040,"Beans, pink, mature seeds, raw",343.0,8.0,0.292,,
11048,"Beans, pinto, immature seeds, frozen, unprepared",170.0,92.0,0.061,,
11061,"Beans, snap, green, frozen, cooked, boiled, drained without salt",28.0,1.0,0.044,,
18993,"BEAR NAKED, Double Chocolate Cookies",423.0,200.0,4.1,,
18994,"BEAR NAKED, Fruit  &  Nut Cookies",443.0,133.0,5.1,,
23302,"Beef, Australian, imported, grass-fed, loin, tenderloin steak/roast, boneless, separable lean and fat, raw",151.0,62.0,3.393,,
23297,"Beef, Australian, imported, grass-fed, seam fat, raw",562.0,34.0,26.584,,
13975,"Beef, brisket, flat half, boneless, separable lean and fat, trimmed to 0"" fat, choice, raw",169.0,79.0,3.704,,
13950,"Beef, brisket, flat half, separable lean and fat, trimmed to 0"" fat, select, cooked, braised",205.0,57.0,2.666,,
13786,"Beef, chuck eye roast, boneless, America's Beef Roast, separable lean and fat, trimmed to 0"" fat, all grades, raw",180.0,81.0,5.042,,
13980,"Beef, chuck, short ribs, boneless, separable lean only, trimmed to 0"" fat, choice, cooked, braised",250.0,75.0,4.22,,
13967,"Beef, chuck, top blade, separable lean only, trimmed to 0"" fat, select, cooked, broiled",184.0,68.0,2.71,,
13970,"Beef, flank, steak, separable lean and fat, trimmed to 0"" fat, all grades, raw",155.0,54.0,2.978,,
23563,"Beef, ground, 90% lean meat / 10% fat, patty, cooked, broiled",217.0,68.0,4.628,,
13985,"Beef, loin, bottom sirloin butt, tri-tip roast, separable lean only, trimmed to 0"" fat, all grades, cooked, roasted",182.0,55.0,3.108,,
13913,"Beef, loin, top loin, separable lean and fat, trimmed to 1/8"" fat, select, raw",224.0,52.0,6.067,,
23260,"Beef, loin, top sirloin petite roast, boneless, separable lean only, trimmed to 0"" fat, select, cooked, roasted",165.0,58.0,1.364,,
13855,"Beef, rib, small end (ribs 10-12), separable lean and fat, trimmed to 1/8"" fat, choice, cooked, roasted",359.0,63.0,11.78,,
23265,"Beef, ribeye  petite roast/filet, boneless, separable lean only, trimmed to 0"" fat, select, raw",125.0,57.0,1.265,,
23270,"Beef, ribeye cap steak, boneless, separable lean only, trimmed to 0"" fat, choice, raw",187.0,88.0,4.359,,
13959,"Beef, round, top round steak, boneless, separable lean and fat, trimmed to 0"" fat, all grades, cooked, grilled",167.0,75.0,1.788,,
13968,"Beef, round, top round steak, boneless, separable lean and fat, trimmed to 0"" fat, choice, cooked, grilled",170.0,78.0,1.769,,
13899,"Beef, round, top round, separable lean and fat, trimmed to 1/8"" fat, select, cooked, braised",225.0,45.0,3.2,,
13896,"Beef, round, top round, steak, separable lean and fat, trimmed to 1/8"" fat, choice, cooked, broiled",224.0,40.0,3.898,,
13902,"Beef, round, top round, steak, separable lean and fat, trimmed to 1/8"" fat, prime, cooked, broiled",225.0,61.0,3.61,,
13228,"Beef, shank crosscuts, separable lean only, trimmed to 1/4"" fat, choice, cooked, simmered",201.0,64.0,2.29,,
13905,"Beef, short loin, porterhouse steak, separable lean and fat, trimmed to 1/8"" fat, choice, raw",218.0,52.0,6.171,,
13467,"Beef, short loin, porterhouse steak, separable lean only, trimmed to 0"" fat, choice, cooked, broiled",224.0,69.0,4.345,,
13918,"Beef, tenderloin, steak, separable lean and fat, trimmed to 1/8"" fat, all grades, cooked, broiled",267.0,54.0,6.743,,
13923,"Beef, tenderloin, steak, separable lean and fat, trimmed to 1/8"" fat, select, raw",249.0,50.0,7.451,,
23290,"Beef, top loin petite roast/filet, boneless, separable lean and fat, trimmed to 1/8"" fat, all grades, raw",187.0,89.0,3.547,,
13932,"Beef, top sirloin, steak, separable lean and fat, trimmed to 1/8"" fat, choice, cooked, broiled",257.0,54.0,6.202,,
13455,"Beef, top sirloin, steak, separable lean only, trimmed to 0"" fat, choice, cooked, broiled",188.0,63.0,2.495,,
07002,"Beerwurst, beer salami, pork and beef",277.0,881.0,8.438,,
07931,"Beerwurst, pork and beef",276.0,732.0,8.438,,
11086,"Beet greens, raw",22.0,226.0,0.02,,
11082,"Beets, canned, regular pack, solids and liquids",30.0,143.0,0.011,,
11080,"Beets, raw",43.0,78.0,0.027,,
14054,"Beverages, almond milk, chocolate, ready-to-drink",50.0,71.0,0.0,,
14016,"Beverages, almond milk, sweetened, vanilla flavor, ready-to-drink",38.0,63.0,0.0,,
14121,"Beverages, carbonated, club soda",0.0,21.0,--,,
14416,"Beverages, carbonated, low calorie, cola or pepper-type, with aspartame, contains caffeine",2.0,8.0,0.0,,
14151,"Beverages, carbonated, low calorie, other than cola or pepper, with aspartame, contains caffeine",0.0,6.0,--,,
14149,"Beverages, carbonated, reduced sugar, cola, contains caffeine and sweeteners",20.0,4.0,0.0,,
14063,"Beverages, chocolate powder, no sugar added",373.0,636.0,4.545,,
14237,"Beverages, coffee substitute, cereal grain beverage, prepared with water",6.0,5.0,0.01,,
14218,"Beverages, coffee, instant, decaffeinated, powder",351.0,23.0,0.101,,
14240,"Beverages, cranberry-apricot juice drink, bottled",64.0,2.0,0.0,,
14241,"Beverages, cranberry-grape juice drink, bottled",56.0,3.0,0.033,,
14628,"Beverages, Energy drink, AMP, sugar free",2.0,31.0,0.0,,
14630,"Beverages, Energy drink, ROCKSTAR, sugar free",4.0,52.0,0.0,,
14632,"Beverages, Meal supplement drink, canned, peanut flavor",101.0,54.0,0.571,,
14426,"Beverages, Orange drink, breakfast type, with juice and pulp, frozen concentrate",153.0,26.0,0.002,,
14462,"Beverages, Propel Zero, fruit-flavored, non-carbonated",5.0,33.0,0.0,,
14067,"Beverages, Protein powder soy based",388.0,733.0,1.111,,
14366,"Beverages, tea, instant, unsweetened, powder",315.0,72.0,0.0,,
14065,"Beverages, The COCA-COLA company, Hi-C Flashin' Fruit Punch",45.0,8.0,0.0,,
14030,"Beverages, THE COCA-COLA COMPANY, NOS energy drink, Original, grape, loaded cherry, charged citrus, fortified with vitamins B6 and B12",44.0,85.0,0.0,,
14045,"Beverages, UNILEVER, SLIMFAST, meal replacement, regular, ready-to-drink,  3-2-1 Plan",57.0,68.0,0.54,,
14610,"Beverages, V8 SPLASH Juice Drinks, Diet Tropical Blend",4.0,15.0,--,,
14614,"Beverages, V8 SPLASH Juice Drinks, Mango Peach",33.0,16.0,--,,
14086,"Beverages, V8 SPLASH Smoothies, Peach Mango",37.0,29.0,0.0,,
14087,"Beverages, V8 SPLASH Smoothies, Strawberry Banana",37.0,29.0,0.0,,
14620,"Beverages, V8 V-FUSION Juices, Peach Mango",49.0,28.0,--,,
14437,"Beverages, water, bottled, non-carbonated, CALISTOGA",0.0,--,--,,
14559,"Beverages, water, bottled, non-carbonated, EVIAN",0.0,--,--,,
14058,"Beverages, Whey protein powder isolate",359.0,372.0,0.581,,
14028,"Beverages, Whiskey sour mix, bottled",87.0,102.0,0.008,,
18017,"Biscuits, mixed grain, refrigerated dough",263.0,670.0,1.366,,
18010,"Biscuits, plain or buttermilk, dry mix",428.0,1276.0,3.965,,
18009,"Biscuits, plain or buttermilk, frozen, baked",338.0,942.0,1.676,,
18014,"Biscuits, plain or buttermilk, refrigerated dough, higher fat",307.0,977.0,2.806,,
09048,"Blackberries, frozen, unsweetened",64.0,1.0,0.015,,
09043,"Blackberry juice, canned",38.0,1.0,0.018,,
09055,"Blueberries, frozen, sweetened",85.0,1.0,0.011,,
09353,"Blueberries, wild, canned, heavy syrup, drained",107.0,1.0,--,,
07952,"Bologna, chicken, turkey, pork",298.0,922.0,7.99,,
07971,"Bologna, meat and poultry",281.0,1379.0,7.389,,
07936,"Bologna, pork and turkey, lite",211.0,716.0,5.46,,
07937,"Bologna, pork, turkey and beef",336.0,1055.0,11.7,,
09056,"Boysenberries, canned, heavy syrup",88.0,3.0,0.004,,
09057,"Boysenberries, frozen, unsweetened",50.0,1.0,0.009,,
07924,"Bratwurst, pork, beef and turkey, lite, smoked",186.0,982.0,--,,
07014,"Braunschweiger (a liver sausage), pork",327.0,977.0,9.307,,
18081,"Bread stuffing, bread, dry mix",386.0,1405.0,0.845,,
18084,"Bread stuffing, cornbread, dry mix",389.0,1429.0,0.922,,
18085,"Bread stuffing, cornbread, dry mix, prepared",179.0,526.0,1.755,,
18972,"Bread, cheese",408.0,750.0,6.25,,
18023,"Bread, cornbread, dry mix, prepared with 2% milk, 80% margarine, and eggs",330.0,599.0,3.732,,
18024,"Bread, cornbread, prepared from recipe, made with low fat (2%) milk",266.0,658.0,1.555,,
18025,"Bread, cracked-wheat",260.0,538.0,0.916,,
18030,"Bread, french or vienna, toasted (includes sourdough)",319.0,720.0,0.502,,
18032,"Bread, irish soda, prepared from recipe",290.0,398.0,1.111,,
18037,"Bread, oat bran",236.0,353.0,0.697,,
18040,"Bread, oatmeal, toasted",292.0,486.0,0.764,,
18955,"Bread, pan dulce, sweet yeast bread",367.0,228.0,2.183,,
18041,"Bread, pita, white, enriched",275.0,536.0,0.166,,
18954,"Bread, pound cake type, pan de torta salvadoran",390.0,--,3.042,,
18043,"Bread, protein (includes gluten)",245.0,404.0,0.332,,
18051,"Bread, reduced-calorie, oatmeal",210.0,388.0,0.599,,
18055,"Bread, reduced-calorie, wheat",217.0,332.0,0.84,,
18057,"Bread, reduced-calorie, white",207.0,479.0,0.549,,
18060,"Bread, rye",259.0,603.0,0.626,,
18953,"Bread, salvadoran sweet cheese (quesadilla salvadorena)",374.0,510.0,4.612,,
18064,"Bread, wheat",274.0,473.0,0.697,,
18066,"Bread, wheat bran",248.0,486.0,0.779,,
18385,"Bread, wheat germ, toasted",293.0,621.0,0.738,,
18967,"Bread, white wheat",238.0,478.0,0.63,,
18070,"Bread, white, commercially prepared, toasted",290.0,537.0,0.764,,
18075,"Bread, whole-wheat, commercially prepared",252.0,455.0,0.722,,
09059,"Breadfruit, raw",103.0,2.0,0.048,,
11096,"Broccoli raab, raw",22.0,33.0,0.05,,
11093,"Broccoli, frozen, chopped, cooked, boiled, drained, without salt",28.0,11.0,0.018,,
11092,"Broccoli, frozen, chopped, unprepared",26.0,24.0,0.044,,
11098,"Brussels sprouts, raw",43.0,25.0,0.062,,
11105,"Burdock root, cooked, boiled, drained, without salt",88.0,4.0,0.023,,
01001,"Butter, salted",717.0,643.0,51.368,,
11754,"Cabbage, chinese (pak-choi), cooked, boiled, drained, with salt",12.0,270.0,0.021,,
11117,"Cabbage, chinese (pak-choi), cooked, boiled, drained, without salt",12.0,34.0,0.021,,
11119,"Cabbage, chinese (pe-tsai), raw",16.0,9.0,0.043,,
18086,"Cake, angelfood, commercially prepared",258.0,749.0,0.121,,
18088,"Cake, angelfood, dry mix, prepared",257.0,511.0,0.043,,
18095,"Cake, cherry fudge with chocolate frosting",264.0,164.0,5.066,,
18101,"Cake, chocolate, prepared from recipe without frosting",371.0,315.0,5.43,,
18112,"Cake, pudding-type, german chocolate, dry mix",350.0,841.0,1.852,,
18126,"Cake, shortcake, biscuit-type, prepared from recipe",346.0,506.0,3.772,,
18128,"Cake, snack cakes, creme-filled, sponge",374.0,470.0,4.139,,
18133,"Cake, sponge, commercially prepared",290.0,623.0,0.802,,
18131,"Cake, white, dry mix, special dietary (includes lemon-flavored)",397.0,260.0,1.251,,
18146,"Cake, yellow, prepared from recipe without frosting",361.0,343.0,3.924,,
06393,"CAMPBELL'S CHUNKY Soups, Chicken Corn Chowder",82.0,351.0,1.224,,
06395,"CAMPBELL'S CHUNKY, Classic Chicken Noodle Soup",47.0,325.0,0.408,,
06041,"CAMPBELL'S Red and White, Chicken and Dumplings Soup, condensed",56.0,603.0,0.794,,
06333,"CAMPBELL'S Red and White, Cream of Broccoli Soup, condensed",73.0,605.0,1.21,,
06340,"CAMPBELL'S Red and White, Cream of Onion Soup, condensed",81.0,645.0,1.21,,
06353,"CAMPBELL'S Red and White, Fiesta Nacho Cheese Soup, condensed",97.0,637.0,2.419,,
06365,"CAMPBELL'S Red and White, Mega Noodle in Chicken Broth, condensed",71.0,381.0,0.397,,
06337,"CAMPBELL'S, Cream of Chicken with Herbs Soup, condensed",65.0,645.0,1.21,,
19098,"Candies, 5TH AVENUE Candy Bar",482.0,225.0,6.65,,
19076,"Candies, caramels, chocolate-flavor roll",387.0,44.0,0.967,,
19905,"Candies, chocolate, dark, NFS (45-59% cacao solids 90%; 60-69% cacao solids 5%; 70-85% cacao solids 5%)",550.0,23.0,18.993,,
19086,"Candies, confectioner's coating, peanut butter",529.0,250.0,13.12,,
19268,"Candies, dark chocolate coated coffee beans",540.0,25.0,15.0,,
19101,"Candies, fudge, chocolate, with nuts, prepared-from-recipe",461.0,39.0,6.489,,
19248,"Candies, HERSHEY'S, ALMOND JOY BITES",563.0,39.0,20.6,,
19250,"Candies, HERSHEY, KIT KAT BIG KAT Bar",520.0,64.0,17.99,,
19159,"Candies, MARS SNACKFOOD US, 3 MUSKETEERS Bar",436.0,194.0,8.646,,
19141,"Candies, MARS SNACKFOOD US, M & M's Milk Chocolate Candies",492.0,61.0,13.08,,
19306,"Candies, MARS SNACKFOOD US, POP'ABLES SNICKERS Brand Bite Size Candies",480.0,224.0,9.891,,
19156,"Candies, MARS SNACKFOOD US, STARBURST Fruit Chews, Original fruits",408.0,2.0,7.778,,
19142,"Candies, MOUNDS Candy Bar",486.0,145.0,20.58,,
19144,"Candies, NESTLE, 100 GRAND Bar",468.0,203.0,11.9,,
19069,"Candies, NESTLE, BUTTERFINGER Bar",459.0,230.0,9.5,,
19913,"Candies, NESTLE, BUTTERFINGER Crisp",465.0,13.0,10.592,,
19145,"Candies, NESTLE, CRUNCH Bar and Dessert Topping",500.0,150.0,16.0,,
19138,"Candies, truffles, prepared-from-recipe",510.0,68.0,18.488,,
19067,"Candies, TWIZZLERS CHERRY BITES",338.0,261.0,0.25,,
19181,"Candies, YORK BITES",394.0,46.0,4.43,,
19091,"Candies, YORK Peppermint Pattie",384.0,28.0,4.34,,
09060,"Carambola, (starfruit), raw",31.0,2.0,0.019,,
11122,"Cardoon, raw",17.0,170.0,0.011,,
09061,"Carissa, (natal-plum), raw",62.0,3.0,--,,
11758,"Carrots, canned, no salt added, solids and liquids",23.0,34.0,0.024,,
11128,"Carrots, canned, regular pack, drained solids",25.0,242.0,0.036,,
11130,"Carrots, frozen, unprepared",36.0,68.0,0.047,,
11124,"Carrots, raw",41.0,69.0,0.037,,
11965,"Cauliflower, green, raw",31.0,23.0,0.047,,
11144,"Celery, cooked, boiled, drained, without salt",18.0,91.0,0.04,,
08657,"Cereals ready-to-eat, BARBARA'S PUFFINS, original",333.0,704.0,0.0,,
08635,"Cereals ready-to-eat, GENERAL MILLS, COCOA PUFFS, 25% Reduced Sugar",380.0,528.0,0.8,,
08669,"Cereals ready-to-eat, GENERAL MILLS, FIBER ONE 80 Calories, Chocolate Squares",253.0,400.0,0.89,,
08643,"Cereals ready-to-eat, GENERAL MILLS, Honey KIX",364.0,582.0,0.535,,
08050,"Cereals ready-to-eat, GENERAL MILLS, LUCKY CHARMS",380.0,648.0,0.885,,
08064,"Cereals ready-to-eat, GENERAL MILLS, Rice CHEX",375.0,809.0,0.5,,
08037,"Cereals ready-to-eat, granola, homemade",489.0,26.0,3.957,,
08649,"Cereals ready-to-eat, KASHI GOLEAN CRISP Cinnamon Crumble",362.0,246.0,1.29,,
08610,"Cereals ready-to-eat, KASHI Honey Sunshine",332.0,446.0,0.6,,
08660,"Cereals ready-to-eat, KELLOGG'S APPLE JACKS with marshmallows",378.0,381.0,1.5,,
08617,"Cereals ready-to-eat, KELLOGG's FROSTED MINI-WHEATS Bite Size Blueberry Muffin",352.0,5.0,0.4,,
08677,"Cereals ready-to-eat, KELLOGG'S FROSTED MINI-WHEATS Touch of Fruit in the Middle, Raspberry",342.0,17.0,0.5,,
08658,"Cereals ready-to-eat, KELLOGG'S KRAVE double chocolate cereal",397.0,320.0,2.6,,
08656,"Cereals ready-to-eat, NATURE'S PATH, Organic FLAX PLUS flakes",350.0,458.0,0.62,,
08665,"Cereals ready-to-eat, POST HONEY BUNCHES OF OATS with cinnamon bunches",400.0,464.0,0.6,,
08015,"Cereals ready-to-eat, POST, COCOA PEBBLES",397.0,594.0,3.6,,
08633,"Cereals ready-to-eat, POST, HONEY BUNCHES OF OATS with vanilla bunches",394.0,267.0,0.6,,
08046,"Cereals ready-to-eat, POST, Honeycomb Cereal",394.0,553.0,1.29,,
08147,"Cereals ready-to-eat, POST, Shredded Wheat, original big biscuit",337.0,2.0,0.41,,
08148,"Cereals ready-to-eat, POST, Shredded Wheat, original spoon-size",351.0,2.0,0.4,,
08632,"Cereals ready-to-eat, QUAKER Oatmeal Squares, Golden Maple",380.0,347.0,0.874,,
08628,"Cereals ready-to-eat, QUAKER, Maple Brown Sugar LIFE Cereal",373.0,477.0,0.765,,
08018,"Cereals ready-to-eat, QUAKER, QUAKER CRUNCHY BRAN",331.0,759.0,2.03,,
08049,"Cereals ready-to-eat, QUAKER, QUAKER OAT LIFE, plain",374.0,501.0,0.83,,
08146,"Cereals ready-to-eat, QUAKER, QUAKER Puffed Wheat",366.0,5.0,0.413,,
08156,"Cereals ready-to-eat, rice, puffed, fortified",402.0,3.0,0.13,,
08161,"Cereals, corn grits, white, regular and quick, enriched, cooked with water, with salt",71.0,223.0,0.066,,
08091,"Cereals, corn grits, white, regular and quick, enriched, cooked with water, without salt",71.0,2.0,0.066,,
08164,"Cereals, corn grits, yellow, regular and quick, enriched, cooked with water, without salt",65.0,2.0,0.06,,
08168,"Cereals, CREAM OF RICE, cooked with water, with salt",52.0,173.0,0.02,,
08100,"Cereals, CREAM OF RICE, dry",370.0,6.0,0.136,,
08106,"Cereals, CREAM OF WHEAT, instant, dry",366.0,571.0,0.222,,
08107,"Cereals, CREAM OF WHEAT, instant, prepared with water, without salt",62.0,102.0,0.038,,
08177,"Cereals, MALT-O-MEAL, chocolate, dry",363.0,10.0,0.31,,
08133,"Cereals, oats, instant, fortified, with raisins and spice, prepared with water",88.0,111.0,0.15,,
08640,"Cereals, QUAKER, Instant Oatmeal Organic, Regular",367.0,4.0,1.11,,
08200,"Cereals, QUAKER, QUAKER MultiGrain Oatmeal, dry",334.0,7.0,0.45,,
08673,"Cereals, ready-to-eat, MALT-O-MEAL, Blueberry Mini SPOONERS",350.0,2.0,0.4,,
08143,"Cereals, WHEATENA, cooked with water",56.0,2.0,0.075,,
01046,"Cheese food, pasteurized process, American, vitamin D fortified",330.0,1284.0,15.057,,
01048,"Cheese spread, pasteurized process, American",290.0,1625.0,13.327,,
01161,"Cheese substitute, mozzarella",248.0,685.0,3.711,,
01061,"Cheese, American, nonfat or fat free",126.0,1316.0,0.0,,
01004,"Cheese, blue",353.0,1146.0,18.669,,
01007,"Cheese, camembert",300.0,842.0,15.259,,
01009,"Cheese, cheddar",404.0,653.0,18.867,,
01012,"Cheese, cottage, creamed, large or small curd",98.0,364.0,1.718,,
01013,"Cheese, cottage, creamed, with fruit",97.0,344.0,2.311,,
01016,"Cheese, cottage, lowfat, 1% milkfat",72.0,406.0,0.645,,
01015,"Cheese, cottage, lowfat, 2% milkfat",81.0,308.0,1.235,,
01014,"Cheese, cottage, nonfat, uncreamed, dry, large or small curd",72.0,372.0,0.169,,
01017,"Cheese, cream",350.0,314.0,20.213,,
01019,"Cheese, feta",264.0,917.0,14.946,,
01167,"Cheese, mexican, queso chihuahua",374.0,617.0,18.843,,
01029,"Cheese, mozzarella, low moisture, part-skim",295.0,666.0,11.295,,
01026,"Cheese, mozzarella, whole milk",300.0,627.0,13.152,,
01030,"Cheese, muenster",368.0,628.0,19.113,,
01031,"Cheese, neufchatel",253.0,334.0,12.79,,
01032,"Cheese, parmesan, grated",420.0,1804.0,15.371,,
01042,"Cheese, pasteurized process, American, fortified with vitamin D",366.0,1671.0,18.057,,
01044,"Cheese, pasteurized process, swiss",334.0,1370.0,16.045,,
01035,"Cheese, provolone",351.0,876.0,17.078,,
01037,"Cheese, ricotta, part skim milk",138.0,99.0,4.927,,
01036,"Cheese, ricotta, whole milk",174.0,84.0,8.295,,
01040,"Cheese, swiss",393.0,187.0,18.227,,
18147,"Cheesecake commercially prepared",321.0,438.0,9.921,,
09065,"Cherries, sour, red, canned, light syrup pack, solids and liquids",75.0,7.0,0.022,,
09068,"Cherries, sour, red, frozen, unsweetened",46.0,1.0,0.1,,
09071,"Cherries, sweet, canned, water pack, solids and liquids",46.0,1.0,0.028,,
09070,"Cherries, sweet, raw",63.0,0.0,0.038,,
07933,"Chicken breast, oven-roasted, fat-free, sliced",79.0,1087.0,0.13,,
05693,"Chicken, broiler, rotisserie, BBQ, back meat only",212.0,563.0,3.613,,
05048,"Chicken, broilers or fryers, back, meat and skin, raw",319.0,64.0,8.34,,
05053,"Chicken, broilers or fryers, back, meat only, raw",137.0,82.0,1.52,,
05038,"Chicken, broilers or fryers, dark meat, meat and skin, cooked, stewed",233.0,70.0,4.06,,
05044,"Chicken, broilers or fryers, dark meat, meat only, cooked, fried",239.0,97.0,3.12,,
05070,"Chicken, broilers or fryers, drumstick, meat and skin, cooked, stewed",204.0,76.0,2.91,,
05072,"Chicken, broilers or fryers, drumstick, meat only, cooked, fried",195.0,96.0,2.13,,
05020,"Chicken, broilers or fryers, giblets, raw",124.0,77.0,1.36,,
05078,"Chicken, broilers or fryers, leg, meat and skin, cooked, roasted",184.0,98.0,2.446,,
05081,"Chicken, broilers or fryers, leg, meat only, cooked, fried",208.0,96.0,2.49,,
05039,"Chicken, broilers or fryers, light meat, meat only, raw",114.0,68.0,0.44,,
05002,"Chicken, broilers or fryers, meat and skin and giblets and neck, cooked, fried, batter",291.0,284.0,4.67,,
05008,"Chicken, broilers or fryers, meat and skin, cooked, fried, flour",269.0,84.0,4.06,,
05047,"Chicken, broilers or fryers, separable fat, raw",629.0,32.0,20.25,,
05105,"Chicken, broilers or fryers, wing, meat only, raw",126.0,81.0,0.94,,
05682,"Chicken, dark meat, thigh, meat only, with added solution, raw",110.0,156.0,0.899,,
05024,"Chicken, gizzard, all classes, cooked, simmered",154.0,56.0,0.67,,
05674,"Chicken, skin (drumsticks and thighs), raw",440.0,51.0,12.102,,
05122,"Chicken, stewing, meat and skin, and giblets and neck, cooked, stewed",214.0,67.0,3.324,,
11154,"Chicory roots, raw",72.0,50.0,0.048,,
11151,"Chicory, witloof, raw",17.0,2.0,0.024,,
19903,"Chocolate, dark, 60-69% cacao solids",579.0,10.0,22.031,,
19125,"Chocolate-flavored hazelnut spread",541.0,41.0,28.423,,
18107,"Coffeecake, cinnamon with crumb topping, dry mix",436.0,596.0,2.957,,
18108,"Coffeecake, cinnamon with crumb topping, dry mix, prepared",318.0,421.0,1.855,,
18105,"Coffeecake, creme-filled with chocolate frosting",331.0,323.0,2.833,,
11163,"Collards, frozen, chopped, unprepared",33.0,48.0,0.048,,
18610,"CONTINENTAL MILLS, KRUSTEAZ Almond Poppyseed Muffin Mix, Artificially Flavored, dry",418.0,590.0,2.1,,
18196,"Cookies, brownies, dry mix, sugar free",426.0,83.0,2.018,,
18154,"Cookies, brownies, prepared from recipe",466.0,343.0,7.319,,
18159,"Cookies, chocolate chip, commercially prepared, regular, higher fat, enriched",492.0,311.0,8.091,,
18158,"Cookies, chocolate chip, commercially prepared, regular, lower fat",451.0,418.0,5.962,,
18163,"Cookies, chocolate chip, refrigerated dough",451.0,321.0,8.39,,
18166,"Cookies, chocolate sandwich, with creme filling, regular",464.0,388.0,5.649,,
18199,"Cookies, chocolate sandwich, with creme filling, special dietary",461.0,342.0,3.992,,
18168,"Cookies, chocolate sandwich, with extra creme filling",497.0,351.0,5.454,,
18157,"Cookies, chocolate wafers",433.0,580.0,4.241,,
18170,"Cookies, fig bars",348.0,350.0,1.123,,
18177,"Cookies, molasses",430.0,459.0,3.212,,
18178,"Cookies, oatmeal, commercially prepared, regular",450.0,383.0,4.519,,
18200,"Cookies, oatmeal, commercially prepared, special dietary",449.0,273.0,2.693,,
18184,"Cookies, oatmeal, prepared from recipe, with raisins",435.0,538.0,3.232,,
18182,"Cookies, oatmeal, refrigerated dough",424.0,294.0,4.751,,
18183,"Cookies, oatmeal, refrigerated dough, baked",471.0,327.0,5.339,,
18190,"Cookies, peanut butter sandwich, regular",478.0,368.0,4.995,,
18201,"Cookies, peanut butter sandwich, special dietary",535.0,412.0,4.937,,
18185,"Cookies, peanut butter, commercially prepared, regular",473.0,463.0,6.751,,
18186,"Cookies, peanut butter, commercially prepared, soft-type",457.0,336.0,6.149,,
18193,"Cookies, shortbread, commercially prepared, pecan",542.0,281.0,8.204,,
18192,"Cookies, shortbread, commercially prepared, plain",514.0,353.0,8.105,,
18202,"Cookies, sugar wafer, with creme filling, sugar free",531.0,71.0,4.257,,
18209,"Cookies, sugar wafers with creme filling, regular",502.0,103.0,11.899,,
18204,"Cookies, sugar, commercially prepared, regular (includes vanilla)",464.0,385.0,7.666,,
18210,"Cookies, vanilla sandwich with creme filling",483.0,349.0,2.979,,
20317,"Corn flour, yellow, masa, enriched",363.0,5.0,0.532,,
20314,"Corn grain, white",365.0,35.0,0.667,,
11170,"Corn, sweet, yellow, canned, brine pack, regular pack, solids and liquids",61.0,195.0,0.077,,
11177,"Corn, sweet, yellow, canned, drained solids, rinsed with tap water",74.0,163.0,0.219,,
11176,"Corn, sweet, yellow, canned, vacuum pack, regular pack",79.0,272.0,0.077,,
11179,"Corn, sweet, yellow, frozen, kernels cut off cob, boiled, drained, without salt",81.0,1.0,0.103,,
11178,"Corn, sweet, yellow, frozen, kernels cut off cob, unprepared",88.0,3.0,0.119,,
20324,"Cornmeal, white, self-rising, bolted, with wheat flour added, enriched",348.0,1319.0,0.4,,
20325,"Cornmeal, white, self-rising, degermed, enriched",355.0,1348.0,0.234,,
20320,"Cornmeal, whole-grain, white",362.0,35.0,0.505,,
11192,"Cowpeas (blackeyes), immature seeds, cooked, boiled, drained, without salt",97.0,4.0,0.096,,
11196,"Cowpeas (blackeyes), immature seeds, frozen, cooked, boiled, drained, without salt",132.0,5.0,0.175,,
11191,"Cowpeas (blackeyes), immature seeds, raw",90.0,4.0,0.09,,
11201,"Cowpeas, leafy tips, raw",29.0,7.0,0.066,,
18236,"Cracker meal",383.0,16.0,0.271,,
18214,"Crackers, cheese, regular",489.0,973.0,5.288,,
18927,"Crackers, cheese, sandwich-type with cheese filling",490.0,878.0,4.81,,
18961,"Crackers, cream, GAMESA SABROSAS",484.0,1148.0,5.362,,
18221,"Crackers, melba toast, rye (includes pumpernickel)",389.0,899.0,0.453,,
18224,"Crackers, rusk toast",407.0,253.0,1.376,,
18227,"Crackers, rye, wafers, seasoned",381.0,887.0,1.287,,
18966,"Crackers, saltines, whole wheat (includes multi-grain)",398.0,1214.0,0.0,,
18229,"Crackers, standard snack-type, regular",510.0,726.0,5.562,,
18230,"Crackers, standard snack-type, sandwich, with cheese filling",477.0,978.0,6.125,,
18231,"Crackers, standard snack-type, sandwich, with peanut butter filling",494.0,801.0,4.803,,
18232,"Crackers, wheat, regular",455.0,699.0,3.21,,
18233,"Crackers, wheat, sandwich, with cheese filling",497.0,839.0,4.129,,
18234,"Crackers, wheat, sandwich, with peanut butter filling",495.0,807.0,4.602,,
09081,"Cranberry sauce, canned, sweetened",159.0,5.0,0.007,,
18969,"Cream puff, eclair, custard or cream filled, iced",334.0,265.0,7.055,,
01068,"Cream substitute, liquid, with lauric acid oil and sodium caseinate",136.0,79.0,9.304,,
01049,"Cream, fluid, half and half",123.0,61.0,7.032,,
01053,"Cream, fluid, heavy whipping",340.0,27.0,23.032,,
01050,"Cream, fluid, light (coffee cream or table cream)",191.0,72.0,10.176,,
01052,"Cream, fluid, light whipping",292.0,34.0,19.337,,
01056,"Cream, sour, cultured",198.0,31.0,10.14,,
01055,"Cream, sour, reduced fat, cultured",135.0,89.0,7.47,,
01054,"Cream, whipped, cream topping, pressurized",257.0,8.0,13.831,,
11203,"Cress, garden, raw",32.0,14.0,0.023,,
18240,"Croissants, apple",254.0,274.0,4.994,,
18239,"Croissants, butter",406.0,467.0,11.659,,
18241,"Croissants, cheese",414.0,361.0,10.628,,
18242,"Croutons, plain",407.0,698.0,1.51,,
18243,"Croutons, seasoned",465.0,1089.0,5.247,,
15227,"Crustaceans, crab, queen, cooked, moist heat",115.0,691.0,0.183,,
15228,"Crustaceans, spiny lobster, mixed species, cooked, moist heat",143.0,227.0,0.303,,
09083,"Currants, european black, raw",63.0,2.0,0.034,,
09084,"Currants, red and white, raw",56.0,1.0,0.017,,
09085,"Currants, zante, dried",283.0,8.0,0.028,,
18245,"Danish pastry, cheese",374.0,417.0,6.794,,
18244,"Danish pastry, cinnamon, enriched",403.0,414.0,5.681,,
01070,"Dessert topping, powdered",577.0,122.0,36.723,,
01071,"Dessert topping, powdered, 1.5 ounce prepared with 1/2 cup milk",194.0,66.0,10.684,,
01072,"Dessert topping, pressurized",264.0,62.0,18.912,,
19182,"Desserts, mousse, chocolate, prepared-from-recipe",225.0,38.0,9.151,,
21474,"DIGIORNO Pizza, cheese topping, rising crust, frozen, baked",256.0,696.0,3.514,,
02045,"Dill weed, fresh",43.0,61.0,0.06,,
11620,"Drumstick pods, raw",37.0,42.0,0.033,,
11211,"Edamame, frozen, unprepared",109.0,6.0,--,,
01144,"Egg substitute, powder",444.0,800.0,3.766,,
01124,"Egg, white, raw, fresh",52.0,166.0,0.0,,
01128,"Egg, whole, cooked, fried",196.0,207.0,4.323,,
01130,"Egg, whole, cooked, omelet",154.0,155.0,3.319,,
01131,"Egg, whole, cooked, poached",143.0,297.0,3.113,,
01123,"Egg, whole, raw, fresh",143.0,142.0,3.126,,
01127,"Egg, yolk, raw, frozen, sugared, pasteurized",307.0,70.0,7.11,,
01057,"Eggnog",88.0,54.0,2.591,,
11213,"Endive, raw",17.0,22.0,0.048,,
18260,"English muffins, mixed-grain (includes granola)",235.0,298.0,0.23,,
21006,"Fast foods, biscuit with egg and steak",277.0,600.0,5.81,,
21002,"Fast foods, biscuit, with egg",274.0,655.0,3.477,,
21003,"Fast foods, biscuit, with egg and bacon",305.0,844.0,5.3,,
21005,"Fast Foods, biscuit, with egg and sausage",312.0,672.0,6.449,,
21013,"Fast foods, croissant, with egg, cheese, and ham",261.0,711.0,5.161,,
21014,"Fast foods, croissant, with egg, cheese, and sausage",308.0,577.0,8.342,,
21021,"Fast foods, english muffin, with egg, cheese, and canadian bacon",228.0,617.0,3.592,,
21023,"Fast foods, french toast with butter",264.0,380.0,5.74,,
21110,"Fast foods, hamburger; double, regular, patty; plain",295.0,414.0,5.096,,
04001,"Fat, beef tallow",902.0,0.0,49.8,,
09090,"Figs, canned, water pack, solids and liquids",53.0,1.0,0.02,,
09089,"Figs, raw",74.0,1.0,0.06,,
15267,"Fish pollock Alaska cooked",86.6164,166.0,0.2029,,
15189,"Fish, bluefish, cooked, dry heat",159.0,77.0,1.172,,
15005,"Fish, bluefish, raw",124.0,60.0,0.915,,
15190,"Fish, burbot, cooked, dry heat",115.0,124.0,0.209,,
15013,"Fish, cisco, raw",98.0,55.0,0.421,,
15014,"Fish, cisco, smoked",177.0,481.0,1.741,,
15017,"Fish, cod, Atlantic, canned, solids and liquid",105.0,218.0,0.167,,
15019,"Fish, cod, Pacific, raw (may have been previously frozen)",69.0,303.0,0.085,,
15029,"Fish, flatfish (flounder and sole species), cooked, dry heat",86.0,363.0,0.542,,
15028,"Fish, flatfish (flounder and sole species), raw",70.0,296.0,0.441,,
15032,"Fish, grouper, mixed species, cooked, dry heat",118.0,53.0,0.299,,
15031,"Fish, grouper, mixed species, raw",92.0,53.0,0.233,,
15033,"Fish, haddock, raw",74.0,213.0,0.091,,
15041,"Fish, herring, Atlantic, pickled",262.0,870.0,2.381,,
15039,"Fish, herring, Atlantic, raw",158.0,90.0,2.04,,
15043,"Fish, herring, Pacific, raw",195.0,74.0,3.257,,
15199,"Fish, lingcod, cooked, dry heat",109.0,76.0,0.255,,
15048,"Fish, mackerel, jack, canned, drained solids",156.0,379.0,1.857,,
15051,"Fish, mackerel, spanish, raw",139.0,59.0,1.828,,
15194,"Fish, mahimahi, cooked, dry heat",109.0,113.0,0.241,,
15058,"Fish, ocean perch, Atlantic, cooked, dry heat",96.0,347.0,0.33,,
15057,"Fish, ocean perch, Atlantic, raw",79.0,287.0,0.273,,
15063,"Fish, pike, northern, cooked, dry heat",113.0,49.0,0.151,,
15207,"Fish, roe, mixed species, cooked, dry heat",204.0,117.0,1.866,,
15211,"Fish, salmon, chum, cooked, dry heat",154.0,64.0,1.077,,
15082,"Fish, salmon, coho, wild, cooked, moist heat",184.0,53.0,1.595,,
15260,"Fish, salmon, pink, canned, drained solids",138.0,381.0,0.895,,
15181,"Fish, salmon, pink, canned, without salt, solids with bone and liquid",139.0,75.0,1.535,,
15213,"Fish, scup, cooked, dry heat",135.0,54.0,--,,
15214,"Fish, seatrout, mixed species, cooked, dry heat",133.0,74.0,1.293,,
15111,"Fish, swordfish, cooked, dry heat",172.0,97.0,1.911,,
15261,"Fish, tilapia, raw",96.0,52.0,0.585,,
15219,"Fish, trout, mixed species, cooked, dry heat",190.0,67.0,1.474,,
15241,"Fish, trout, rainbow, farmed, cooked, dry heat",168.0,61.0,1.651,,
15220,"Fish, tuna, skipjack, fresh, cooked, dry heat",132.0,47.0,0.42,,
15124,"Fish, tuna, white, canned in oil, drained solids",186.0,396.0,1.28,,
15134,"Fish, wolffish, Atlantic, raw",96.0,85.0,0.365,,
15225,"Fish, yellowtail, mixed species, cooked, dry heat",187.0,50.0,--,,
19187,"Flan, caramel custard, dry mix",348.0,432.0,--,,
18973,"Focaccia, Italian flatbread, plain",249.0,561.0,0.877,,
07950,"Frankfurter, meat",290.0,1090.0,7.666,,
07939,"Frankfurter, pork",269.0,816.0,8.719,,
19227,"Frostings, coconut-nut, ready-to-eat",433.0,160.0,8.631,,
19409,"Frostings, glaze, chocolate, prepared-from-recipe, with butter, NFSMI Recipe No. C-32",359.0,132.0,4.483,,
19873,"Frozen novelties, ice type, sugar free, orange, cherry, and grape POPSICLE pops",21.0,10.0,0.0,,
19874,"Frozen novelties, KLONDIKE, SLIM-A-BEAR Fudge Bar, 98% fat free, no sugar added",124.0,120.0,1.0,,
19871,"Frozen novelties, No Sugar Added, FUDGSICLE pops",124.0,96.0,0.984,,
09098,"Fruit cocktail, (peach and pineapple and pear and grape and cherry), canned, extra light syrup, solids and liquids",45.0,4.0,0.01,,
09100,"Fruit cocktail, (peach and pineapple and pear and grape and cherry), canned, heavy syrup, solids and liquids",73.0,6.0,0.01,,
09105,"Fruit salad, (peach and pear and apricot and pineapple and cherry), canned, heavy syrup, solids and liquids",73.0,6.0,0.01,,
09102,"Fruit salad, (peach and pear and apricot and pineapple and cherry), canned, water pack, solids and liquids",30.0,3.0,0.009,,
17332,"Game meat , bison, top sirloin, separable lean only, 1"" steak, cooked, broiled",171.0,53.0,2.412,,
17333,"Game meat, bison, chuck, shoulder clod, separable lean only, cooked, braised",193.0,57.0,2.32,,
17331,"Game meat, bison, ground, cooked, pan-broiled",238.0,73.0,6.461,,
17335,"Game meat, bison, ribeye, separable lean only, 1"" steak, cooked, broiled",177.0,52.0,2.419,,
17336,"Game meat, bison, top round, separable lean only, 1"" steak, cooked, broiled",174.0,41.0,1.957,,
17267,"Game meat, bison, top sirloin, separable lean only, trimmed to 0"" fat, raw",113.0,51.0,0.885,,
17345,"Game meat, deer, loin, separable lean only, 1"" steak, cooked, broiled",150.0,57.0,1.351,,
17348,"Game meat, deer, top round, separable lean only, 1"" steak, cooked, broiled",152.0,45.0,1.03,,
17339,"Game meat, elk, ground, cooked, pan-broiled",193.0,85.0,4.002,,
17341,"Game meat, elk, round, separable lean only, cooked, broiled",156.0,51.0,1.037,,
18963,"Garlic bread, frozen",350.0,544.0,5.281,,
11215,"Garlic, raw",149.0,17.0,0.089,,
19702,"Gelatin desserts, dry mix, with added ascorbic acid, sodium-citrate and salt",381.0,491.0,0.0,,
18603,"GEORGE WESTON BAKERIES, Brownberry Sage and Onion Stuffing Mix, dry",390.0,1680.0,0.9,,
11216,"Ginger root, raw",80.0,13.0,0.203,,
09107,"Gooseberries, raw",44.0,1.0,0.038,,
11218,"Gourd, white-flowered (calabash), raw",14.0,2.0,0.002,,
09124,"Grapefruit juice, white, canned, sweetened",46.0,2.0,0.012,,
09125,"Grapefruit juice, white, frozen concentrate, unsweetened, undiluted",146.0,3.0,0.064,,
09112,"Grapefruit, raw, pink and red, all areas",42.0,0.0,0.021,,
09118,"Grapefruit, raw, white, Florida",32.0,0.0,0.014,,
09120,"Grapefruit, sections, canned, juice pack, solids and liquids",37.0,7.0,0.012,,
09119,"Grapefruit, sections, canned, water pack, solids and liquids",36.0,2.0,0.014,,
09131,"Grapes, american type (slip skin), raw",67.0,2.0,0.114,,
09133,"Grapes, canned, thompson seedless, water pack, solids and liquids",40.0,6.0,0.035,,
09129,"Grapes, muscadine, raw",57.0,1.0,--,,
06116,"Gravy, beef, canned, ready-to-serve",53.0,560.0,1.153,,
06957,"Gravy, brown instant, dry",380.0,5053.0,5.866,,
06997,"Gravy, CAMPBELL'S, beef",42.0,458.0,0.847,,
06322,"Gravy, CAMPBELL'S, mushroom",34.0,475.0,0.0,,
06326,"Gravy, CAMPBELL'S, turkey",42.0,458.0,0.847,,
05666,"Ground turkey, 93% lean, 7% fat, pan-broiled crumbles",213.0,90.0,2.966,,
05664,"Ground turkey, fat free, patties, broiled",138.0,59.0,0.673,,
09138,"Groundcherries, (cape-gooseberries or poha), raw",53.0,--,--,,
05152,"Guinea hen, meat only, raw",110.0,69.0,0.64,,
07938,"Ham, honey, smoked, cooked",122.0,900.0,0.87,,
06991,"HEALTHY REQUEST, Tomato Soup, condensed",73.0,331.0,0.403,,
06992,"HEALTHY REQUEST, Vegetable Soup, condensed",79.0,325.0,0.0,,
18640,"HEINZ, WEIGHT WATCHER, Chocolate Eclair, frozen",241.0,300.0,1.4,,
07278,"HORMEL Pillow Pak Sliced Turkey Pepperoni",243.0,1858.0,3.52,,
11225,"Hyacinth-beans, immature seeds, cooked, boiled, drained, without salt",50.0,2.0,0.119,,
19893,"Ice creams, BREYERS, All Natural Light French Chocolate",201.0,75.0,4.28,,
19879,"Ice creams, BREYERS, All Natural Light Mint Chocolate Chip",196.0,67.0,4.48,,
19875,"Ice creams, BREYERS, All Natural Light Vanilla",162.0,71.0,2.86,,
19260,"Ice creams, vanilla, light, no sugar added",169.0,96.0,4.048,,
03992,"Infant formula, ABBOTT NUTRITION, SIMILAC, Expert Care, Diarrhea, ready- to- feed with ARA and DHA",66.0,29.0,1.477,,
03999,"Infant formula, ABBOTT NUTRITION, SIMILAC, For Spit Up, powder, with ARA and DHA",514.0,154.0,18.025,,
03993,"Infant formula, ABBOTT NUTRITION, SIMILAC, For Spit Up, ready-to-feed, with ARA and DHA",66.0,20.0,2.3,,
03991,"Infant formula, ABBOTT NUTRITION, SIMILAC, GO AND GROW, ready-to-feed, with ARA and DHA",66.0,20.0,1.018,,
03989,"Infant Formula, GERBER GOOD START 2, GENTLE PLUS, ready-to-feed",66.0,18.0,0.975,,
03987,"Infant formula, GERBER, GOOD START 2 Soy, with iron, ready-to-feed",65.0,26.0,1.399,,
03990,"Infant formula, GERBER, GOOD START 2, PROTECT PLUS, ready-to-feed",66.0,18.0,1.443,,
03981,"Infant formula, MEAD JOHNSON, ENFAMIL, ENFAGROW, GENTLEASE, Toddler, ready-to-feed",66.0,26.0,1.602,,
03985,"Infant formula, MEAD JOHNSON, ENFAMIL, Premature, 24 calo ready-to-feed",67.0,38.0,1.339,,
11232,"Jute, potherb, cooked, boiled, drained, without salt",37.0,11.0,0.03,,
11235,"Kale, frozen, unprepared",28.0,15.0,0.059,,
11233,"Kale, raw",49.0,38.0,0.091,,
11237,"Kanpyo, (dried gourd strips)",258.0,15.0,0.045,,
18982,"KASHI, H2H Woven Wheat Cracker, Roasted Garlic",440.0,240.0,1.1,,
18974,"KASHI, TLC, Honey Sesame Crackers",398.0,471.0,0.9,,
18975,"KASHI, TLC, Original 7-Grain Crackers",385.0,530.0,1.2,,
18608,"KEEBLER, KEEBLER Chocolate Graham SELECTS",465.0,357.0,3.15,,
18609,"KEEBLER, Vanilla Wafers",462.0,402.0,5.7,,
18956,"Keikitos (muffins), Latino bakery item",467.0,515.0,--,,
18507,"KELLOGG'S EGGO Lowfat Blueberry Nutri-Grain Waffles",208.0,591.0,0.41,,
18992,"KELLOGG'S, BEANATURAL, Original 3-Bean Chips",487.0,794.0,2.0,,
18995,"KELLOGG'S, EGGO, Biscuit Scramblers, Bacon, Egg  &  Cheese",258.0,610.0,4.1,,
18997,"KELLOGG'S, EGGO, French Toaster Sticks, Cinnamon",250.0,550.0,1.9,,
18999,"KELLOGG'S, EGGO, Mini Muffin Tops, Blueberry",293.0,586.0,2.8,,
18506,"KELLOGG'S, EGGO, NUTRI-GRAIN, Waffles, Low Fat",201.0,559.0,0.8,,
18505,"KELLOGG'S, EGGO, Waffles, Homestyle, Low Fat",229.0,393.0,0.9,,
07934,"Kielbasa, Polish, turkey and beef, smoked",226.0,1200.0,6.23,,
09148,"Kiwifruit, green, raw",61.0,3.0,0.029,,
17283,"Lamb, Australian, imported, fresh, composite of trimmed retail cuts, separable lean only, trimmed to 1/8"" fat, cooked",201.0,80.0,4.048,,
17282,"Lamb, Australian, imported, fresh, composite of trimmed retail cuts, separable lean only, trimmed to 1/8"" fat, raw",142.0,83.0,2.54,,
17287,"Lamb, Australian, imported, fresh, foreshank, separable lean and fat, trimmed to 1/8"" fat, cooked, braised",236.0,93.0,6.794,,
17286,"Lamb, Australian, imported, fresh, foreshank, separable lean and fat, trimmed to 1/8"" fat, raw",195.0,96.0,5.981,,
17289,"Lamb, Australian, imported, fresh, foreshank, separable lean only, trimmed to 1/8"" fat, cooked, braised",165.0,100.0,1.884,,
17288,"Lamb, Australian, imported, fresh, foreshank, separable lean only, trimmed to 1/8"" fat, raw",123.0,106.0,1.344,,
17306,"Lamb, Australian, imported, fresh, leg, center slice, bone-in, separable lean and fat, trimmed to 1/8"" fat, raw",195.0,61.0,5.813,,
17309,"Lamb, Australian, imported, fresh, leg, center slice, bone-in, separable lean only, trimmed to 1/8"" fat, cooked, broiled",183.0,66.0,3.111,,
17308,"Lamb, Australian, imported, fresh, leg, center slice, bone-in, separable lean only, trimmed to 1/8"" fat, raw",143.0,64.0,2.413,,
17297,"Lamb, Australian, imported, fresh, leg, shank half, separable lean only, trimmed to 1/8"" fat, cooked, roasted",182.0,69.0,2.918,,
17296,"Lamb, Australian, imported, fresh, leg, shank half, separable lean only, trimmed to 1/8"" fat, raw",133.0,81.0,2.008,,
17303,"Lamb, Australian, imported, fresh, leg, sirloin chops, boneless, separable lean and fat, trimmed to 1/8"" fat, cooked, broiled",235.0,64.0,6.414,,
17300,"Lamb, Australian, imported, fresh, leg, sirloin half, boneless, separable lean only, trimmed to 1/8"" fat, raw",138.0,80.0,2.308,,
17293,"Lamb, Australian, imported, fresh, leg, whole (shank and sirloin), separable lean only, trimmed to 1/8"" fat, cooked, roasted",190.0,72.0,3.297,,
17292,"Lamb, Australian, imported, fresh, leg, whole (shank and sirloin), separable lean only, trimmed to 1/8"" fat, raw",135.0,81.0,2.081,,
17312,"Lamb, Australian, imported, fresh, loin, separable lean only, trimmed to 1/8"" fat, raw",146.0,75.0,2.673,,
17315,"Lamb, Australian, imported, fresh, rib chop, frenched, bone-in, separable lean and fat, trimmed to 1/8"" fat, cooked, grilled",305.0,79.0,10.666,,
17316,"Lamb, Australian, imported, fresh, rib chop/rack roast, frenched, bone-in, separable lean only, trimmed to 1/8"" fat, raw",147.0,71.0,2.532,,
17284,"Lamb, Australian, imported, fresh, separable fat, raw",648.0,33.0,35.353,,
17329,"Lamb, Australian, imported, fresh, shoulder ,blade, separable lean only, trimmed to 1/8"" fat, cooked, broiled",231.0,94.0,6.334,,
17323,"Lamb, Australian, imported, fresh, shoulder, arm, separable lean and fat, trimmed to 1/8"" fat, cooked, braised",311.0,73.0,9.696,,
17326,"Lamb, Australian, imported, fresh, shoulder, blade, separable lean and fat, trimmed to 1/8"" fat, raw",262.0,78.0,10.3,,
17328,"Lamb, Australian, imported, fresh, shoulder, blade, separable lean only, trimmed to 1/8"" fat, raw",164.0,90.0,3.883,,
17318,"Lamb, Australian, imported, fresh, shoulder, whole (arm and blade), separable lean and fat, trimmed to 1/8"" fat, raw",256.0,76.0,9.907,,
17238,"Lamb, domestic, loin, separable lean and fat, trimmed to 1/8"" fat, choice, cooked, roasted",290.0,64.0,9.08,,
17240,"Lamb, domestic, rib, separable lean and fat, trimmed to 1/8"" fat, choice, cooked, broiled",340.0,77.0,11.36,,
17241,"Lamb, domestic, rib, separable lean and fat, trimmed to 1/8"" fat, choice, cooked, roasted",341.0,74.0,11.66,,
17248,"Lamb, domestic, shoulder, arm, separable lean and fat, trimmed to 1/8"" fat, cooked, broiled",269.0,78.0,7.66,,
17251,"Lamb, domestic, shoulder, blade, separable lean and fat, trimmed to 1/8"" fat, choice, cooked, braised",339.0,75.0,9.88,,
17253,"Lamb, domestic, shoulder, blade, separable lean and fat, trimmed to 1/8"" fat, choice, cooked, roasted",270.0,67.0,7.96,,
17250,"Lamb, domestic, shoulder, blade, separable lean and fat, trimmed to 1/8"" fat, choice, raw",244.0,63.0,8.04,,
17257,"Lamb, New Zealand, imported, frozen, foreshank, separable lean and fat, trimmed to 1/8"" fat, cooked, braised",258.0,47.0,7.82,,
17256,"Lamb, New Zealand, imported, frozen, foreshank, separable lean and fat, trimmed to 1/8"" fat, raw",223.0,45.0,8.18,,
17259,"Lamb, New Zealand, imported, frozen, leg, whole (shank and sirloin), separable lean and fat, trimmed to 1/8"" fat, cooked, roasted",234.0,44.0,6.75,,
17258,"Lamb, New Zealand, imported, frozen, leg, whole (shank and sirloin), separable lean and fat, trimmed to 1/8"" fat, raw",201.0,41.0,6.67,,
17261,"Lamb, New Zealand, imported, frozen, loin, separable lean and fat, trimmed to 1/8"" fat, cooked, broiled",296.0,50.0,10.56,,
17265,"Lamb, New Zealand, imported, frozen, shoulder, whole (arm and blade), separable lean and fat, trimmed to 1/8"" fat, cooked, braised",342.0,52.0,11.5,,
17264,"Lamb, New Zealand, imported, frozen, shoulder, whole (arm and blade), separable lean and fat, trimmed to 1/8"" fat, raw",251.0,42.0,9.9,,
11247,"Leeks, (bulb and lower leaf-portion), cooked, boiled, drained, without salt",31.0,10.0,0.027,,
09152,"Lemon juice, raw",22.0,1.0,0.04,,
11032,"Lima beans, immature seeds, cooked, boiled, drained, without salt",123.0,17.0,0.073,,
11040,"Lima beans, immature seeds, frozen, baby, cooked, boiled, drained, without salt",105.0,29.0,0.068,,
11039,"Lima beans, immature seeds, frozen, baby, unprepared",132.0,52.0,0.102,,
11037,"Lima beans, immature seeds, frozen, fordhook, unprepared",106.0,58.0,0.081,,
09160,"Lime juice, raw",25.0,2.0,0.008,,
09164,"Litchis, raw",66.0,1.0,0.099,,
07911,"Liverwurst spread",305.0,700.0,9.925,,
09167,"Loganberries, frozen",55.0,1.0,0.011,,
16509,"LOMA LINDA Linketts, canned, unprepared",209.0,401.0,1.6,,
16505,"LOMA LINDA Swiss Stake with Gravy, canned, unprepared",138.0,471.0,0.8,,
09173,"Longans, dried",286.0,48.0,--,,
07906,"Luncheon meat, pork, ham, and chicken, minced, canned, reduced sodium, added ascorbic acid, includes SPAM, 25% less sodium",293.0,1036.0,8.873,,
20106,"Macaroni, vegetable, enriched, cooked",128.0,6.0,0.016,,
20105,"Macaroni, vegetable, enriched, dry",367.0,43.0,0.15,,
09176,"Mangos, raw",60.0,1.0,0.092,,
04585,"Margarine-like, margarine-butter blend, soybean oil and butter",727.0,719.0,14.198,,
18615,"MARTHA WHITE FOODS, Martha White's Buttermilk Biscuit Mix, dry",388.0,1295.0,4.07,,
18614,"MARTHA WHITE FOODS, Martha White's Chewy Fudge Brownie Mix, dry",407.0,457.0,1.7,,
21403,"McDONALD'S, Premium Crispy Chicken Classic Sandwich",228.0,430.0,1.409,,
21404,"McDONALD'S, Premium Grilled Chicken Club Sandwich",221.0,462.0,2.89,,
18612,"MCKEE BAKING, LITTLE DEBBIE NUTTY BARS, Wafers with Peanut Butter, Chocolate Covered",548.0,223.0,6.29,,
01110,"Milk shakes, thick chocolate",119.0,111.0,1.681,,
01076,"Milk substitutes, fluid, with lauric acid oil",61.0,78.0,3.037,,
01094,"Milk, buttermilk, dried",387.0,517.0,3.598,,
01095,"Milk, canned, condensed, sweetened",321.0,127.0,5.486,,
01097,"Milk, canned, evaporated, nonfat, with added vitamin A and vitamin D",78.0,115.0,0.121,,
01096,"Milk, canned, evaporated, with added vitamin D and without added vitamin A",134.0,106.0,4.591,,
01103,"Milk, chocolate, fluid, commercial, reduced fat, with added vitamin A and vitamin D",76.0,66.0,1.177,,
01102,"Milk, chocolate, fluid, commercial, whole, with added vitamin A and vitamin D",83.0,60.0,2.104,,
01093,"Milk, dry, nonfat, calcium reduced",354.0,2280.0,0.124,,
01091,"Milk, dry, nonfat, regular, without added vitamin A and vitamin D",362.0,535.0,0.499,,
01084,"Milk, lowfat, fluid, 1% milkfat, protein fortified, with added vitamin A and vitamin D",48.0,58.0,0.728,,
01087,"Milk, nonfat, fluid, protein fortified, with added vitamin A and vitamin D (fat free and skim)",41.0,59.0,0.162,,
01078,"Milk, producer, fluid, 3.7% milkfat",64.0,49.0,2.278,,
01081,"Milk, reduced fat, fluid, 2% milkfat, protein fortified, with added vitamin A and vitamin D",56.0,59.0,1.232,,
01109,"Milk, sheep, fluid",108.0,44.0,4.603,,
18616,"MISSION FOODS, MISSION Flour Tortillas, Soft Taco, 8 inch",287.0,898.0,0.695,,
15164,"Mollusks, mussel, blue, raw",86.0,286.0,0.425,,
15166,"Mollusks, octopus, common, raw",82.0,230.0,0.227,,
15168,"Mollusks, oyster, eastern, cooked, breaded and fried",199.0,417.0,3.197,,
15245,"Mollusks, oyster, eastern, farmed, raw",59.0,178.0,0.443,,
15244,"Mollusks, oyster, eastern, wild, cooked, dry heat",79.0,132.0,0.736,,
15169,"Mollusks, oyster, eastern, wild, cooked, moist heat",102.0,166.0,0.948,,
15171,"Mollusks, oyster, Pacific, raw",81.0,106.0,0.51,,
16162,"MORI-NU, Tofu, silken, firm",62.0,36.0,0.406,,
16607,"MORNINGSTAR FARMS Buffalo Chik Patties, frozen, unprepared",255.0,757.0,1.9,,
11259,"Mountain yam, hawaii, cooked, steamed, without salt",82.0,12.0,0.018,,
11258,"Mountain yam, hawaii, raw",67.0,13.0,0.022,,
18940,"Muffin, blueberry, commercially prepared, low-fat",255.0,413.0,1.549,,
11044,"Mung beans, mature seeds, sprouted, cooked, boiled, drained, without salt",21.0,10.0,0.025,,
11239,"Mushrooms, Chanterelle, raw",38.0,9.0,--,,
11243,"Mushrooms, portabella, grilled",29.0,11.0,0.064,,
18617,"NABISCO, NABISCO GRAHAMS Crackers",424.0,659.0,1.56,,
18619,"NABISCO, NABISCO OREO CRUNCHIES, Cookie Crumb Topping",476.0,528.0,4.14,,
18621,"NABISCO, NABISCO RITZ Crackers",492.0,882.0,5.45,,
20409,"Noodles, egg, dry, unenriched",384.0,21.0,1.18,,
20112,"Noodles, egg, spinach, enriched, cooked",132.0,12.0,0.361,,
20410,"Noodles, egg, unenriched, cooked, without added salt",138.0,5.0,0.419,,
20117,"Noodles, japanese, somen, cooked",131.0,161.0,0.025,,
20116,"Noodles, japanese, somen, dry",356.0,1840.0,0.115,,
12695,"Nuts, almond butter, plain, with salt added",614.0,227.0,6.55,,
12063,"Nuts, almonds, dry roasted, without salt added",598.0,3.0,4.092,,
12084,"Nuts, butternuts, dried",612.0,1.0,1.306,,
12095,"Nuts, chestnuts, chinese, boiled and steamed",153.0,2.0,0.112,,
12097,"Nuts, chestnuts, european, raw, unpeeled",213.0,3.0,0.425,,
12116,"Nuts, coconut cream, canned, sweetened",357.0,36.0,15.472,,
12115,"Nuts, coconut cream, raw (liquid expressed from grated meat)",330.0,4.0,30.753,,
12108,"Nuts, coconut meat, dried (desiccated), not sweetened",660.0,37.0,57.218,,
12109,"Nuts, coconut meat, dried (desiccated), sweetened, flaked, packaged",456.0,285.0,26.396,,
12114,"Nuts, coconut meat, dried (desiccated), toasted",592.0,37.0,41.678,,
12120,"Nuts, hazelnuts or filberts",628.0,0.0,4.464,,
12737,"Nuts, mixed nuts, oil roasted, with peanuts, lightly salted",607.0,161.0,8.711,,
20132,"Oat flour, partially debranned",404.0,19.0,1.607,,
04582,"Oil, canola",884.0,0.0,7.365,,
04501,"Oil, cocoa butter",884.0,0.0,59.7,,
04583,"Oil, mustard",884.0,0.0,11.582,,
04053,"Oil, olive, salad or cooking",884.0,2.0,13.808,,
04510,"Oil, safflower, salad or cooking, linoleic, (over 70%)",884.0,0.0,6.203,,
04058,"Oil, sesame, salad or cooking",884.0,0.0,14.2,,
04543,"Oil, soybean, salad or cooking, (partially hydrogenated) and cottonseed",884.0,0.0,18.0,,
04584,"Oil, sunflower, high oleic (70% and over)",884.0,0.0,9.859,,
11281,"Okra, frozen, cooked, boiled, drained, without salt",29.0,3.0,0.063,,
11280,"Okra, frozen, unprepared",30.0,3.0,0.065,,
09195,"Olives, pickled, canned or bottled, green",145.0,1556.0,2.029,,
09193,"Olives, ripe, canned (small-extra large)",115.0,735.0,1.415,,
11284,"Onions, dehydrated flakes",349.0,21.0,0.078,,
11288,"Onions, frozen, chopped, cooked, boiled, drained, without salt",28.0,12.0,0.016,,
11287,"Onions, frozen, chopped, unprepared",29.0,12.0,0.017,,
11290,"Onions, frozen, whole, cooked, boiled, drained, without salt",28.0,8.0,0.009,,
11289,"Onions, frozen, whole, unprepared",35.0,10.0,0.011,,
11282,"Onions, raw",40.0,4.0,0.042,,
11294,"Onions, sweet, raw",32.0,8.0,--,,
09211,"Orange juice, chilled, includes from concentrate, with added calcium",47.0,2.0,0.014,,
09210,"Orange juice, chilled, includes from concentrate, with added calcium and vitamin D",47.0,2.0,0.014,,
09214,"Orange juice, frozen concentrate, unsweetened, undiluted",148.0,7.0,0.059,,
09216,"Orange peel, raw",97.0,3.0,0.024,,
09201,"Oranges, raw, California, valencias",49.0,0.0,0.035,,
09205,"Oranges, raw, with peel",63.0,2.0,0.035,,
18295,"Pancakes, buckwheat, dry mix, incomplete",340.0,684.0,0.439,,
18936,"Pancakes, plain, frozen, ready-to-heat, microwave (includes buttermilk)",239.0,566.0,0.855,,
09228,"Papaya, canned, heavy syrup, drained",206.0,9.0,0.268,,
09226,"Papayas, raw",43.0,8.0,0.081,,
01185,"Parmesan cheese topping, fat free",370.0,1150.0,3.11,,
09231,"Passion-fruit, (granadilla), purple, raw",97.0,28.0,0.059,,
20120,"Pasta, dry, enriched",371.0,6.0,0.277,,
20420,"Pasta, dry, unenriched",371.0,6.0,0.277,,
20093,"Pasta, fresh-refrigerated, plain, as purchased",288.0,26.0,0.328,,
20095,"Pasta, fresh-refrigerated, spinach, as purchased",289.0,27.0,0.483,,
20124,"Pasta, whole-wheat, dry",352.0,6.0,0.428,,
07925,"Pastrami, beef, 98% fat-free",95.0,1010.0,0.0,,
09242,"Peaches, canned, extra heavy syrup pack, solids and liquids",96.0,8.0,0.003,,
09240,"Peaches, canned, light syrup pack, solids and liquids",54.0,5.0,0.003,,
09237,"Peaches, canned, water pack, solids and liquids",24.0,3.0,0.006,,
09245,"Peaches, dehydrated (low-moisture), sulfured, stewed",133.0,4.0,0.045,,
16390,"Peanuts, all types, dry-roasted, without salt",587.0,6.0,7.723,,
16394,"Peanuts, valencia, oil-roasted, without salt",589.0,6.0,7.894,,
09256,"Pears, canned, light syrup pack, solids and liquids",57.0,5.0,0.002,,
09260,"Pears, dried, sulfured, stewed, without added sugar",127.0,3.0,0.017,,
09252,"Pears, raw",57.0,1.0,0.022,,
11323,"Peas and carrots, frozen, cooked, boiled, drained, without salt",48.0,68.0,0.077,,
11302,"Peas, edible-podded, frozen, unprepared",42.0,4.0,0.058,,
11300,"Peas, edible-podded, raw",42.0,4.0,0.039,,
11304,"Peas, green, raw",81.0,5.0,0.071,,
11316,"Peas, mature seeds, sprouted, raw",124.0,20.0,0.124,,
11982,"Peppers, pasilla, dried",345.0,89.0,--,,
11634,"Peppers, sweet, green, freeze-dried",314.0,193.0,0.447,,
09263,"Persimmons, japanese, raw",70.0,1.0,0.02,,
18943,"Pie Crust, Cookie-type, Chocolate, Ready Crust",484.0,503.0,4.725,,
18947,"Pie crust, deep dish, frozen, baked, made with enriched flour",521.0,393.0,8.862,,
18945,"Pie crust, deep dish, frozen, unbaked, made with enriched flour",468.0,353.0,8.129,,
18304,"Pie, banana cream, prepared from recipe",269.0,240.0,3.758,,
18305,"Pie, blueberry, commercially prepared",232.0,287.0,1.679,,
18308,"Pie, cherry, commercially prepared",260.0,246.0,2.562,,
18944,"Pie, Dutch Apple, Commercially Prepared",290.0,200.0,2.313,,
18319,"Pie, fried pies, fruit",316.0,333.0,2.457,,
18629,"PILLSBURY, Buttermilk Biscuits, Artificial Flavor, refrigerated dough",236.0,854.0,0.42,,
18630,"PILLSBURY, Chocolate Chip Cookies, refrigerated dough",450.0,326.0,8.73,,
18635,"PILLSBURY, Cinnamon Rolls with Icing, refrigerated dough",330.0,780.0,3.25,,
18631,"PILLSBURY, Crusty French Loaf, refrigerated dough",243.0,575.0,0.67,,
09278,"Plantains, cooked",116.0,5.0,0.069,,
09277,"Plantains, raw",122.0,4.0,0.143,,
11351,"Pokeberry shoots, (poke), cooked, boiled, drained, without salt",20.0,18.0,0.092,,
09442,"Pomegranate juice, bottled",54.0,9.0,0.077,,
19436,"Popcorn, sugar syrup/caramel, fat-free",381.0,286.0,0.2,,
21415,"POPEYES, biscuit",401.0,745.0,11.515,,
21416,"POPEYES, Coleslaw",161.0,218.0,1.887,,
21417,"POPEYES, Mild Chicken Strips, analyzed 2006",271.0,922.0,5.442,,
21418,"POPEYES, Spicy Chicken Strips, analyzed 2006",253.0,997.0,4.743,,
07957,"Pork and turkey sausage, pre-cooked",342.0,876.0,9.881,,
07967,"Pork sausage, link/patty, fully cooked, unheated",392.0,810.0,12.129,,
07965,"Pork sausage, link/patty, reduced fat, unprepared",217.0,581.0,4.368,,
10921,"Pork, cured, ham and water product, slice, boneless, separable lean and fat, heated, pan-broil",124.0,1389.0,1.553,,
10927,"Pork, cured, ham with natural juices, spiral slice, boneless, separable lean and fat, heated, roasted",139.0,977.0,0.95,,
10955,"Pork, cured, ham, rump, bone-in, separable lean and fat, unheated",176.0,722.0,3.008,,
10932,"Pork, cured, ham, rump, bone-in, separable lean only, unheated",125.0,737.0,0.874,,
10936,"Pork, cured, ham, shank, bone-in, separable lean and fat, unheated",177.0,816.0,3.18,,
10934,"Pork, cured, ham, shank, bone-in, separable lean only, unheated",125.0,846.0,0.981,,
10944,"Pork, fresh, enhanced, loin, tenderloin, separable lean only, raw",106.0,243.0,0.671,,
10008,"Pork, fresh, leg (ham), whole, separable lean and fat, raw",245.0,47.0,6.54,,
10011,"Pork, fresh, leg (ham), whole, separable lean only, cooked, roasted",211.0,64.0,3.3,,
10989,"Pork, fresh, loin, blade (chops or roasts), boneless, separable lean and fat only, raw",157.0,64.0,2.767,,
10982,"Pork, fresh, loin, blade (chops or roasts), boneless, separable lean only, raw",123.0,65.0,1.384,,
10984,"Pork, fresh, loin, blade (chops), boneless, separable lean only, boneless, cooked, broiled",169.0,58.0,1.638,,
10990,"Pork, fresh, loin, blade (roasts), boneless, separable lean and fat, cooked, roasted",199.0,67.0,3.706,,
10051,"Pork, fresh, loin, center rib (roasts), bone-in, separable lean only, cooked, roasted",206.0,95.0,3.254,,
10992,"Pork, fresh, loin, country-style ribs, separable lean and fat, bone-in, cooked, broiled",260.0,81.0,5.311,,
10986,"Pork, fresh, loin, country-style ribs, separable lean only, bone-in, cooked, broiled",216.0,84.0,3.096,,
10055,"Pork, fresh, loin, sirloin (roasts), bone-in, separable lean and fat, cooked, roasted",230.0,57.0,4.113,,
10951,"Pork, fresh, loin, tenderloin, separable lean and fat, with added solution, raw",114.0,239.0,1.045,,
10069,"Pork, fresh, loin, top loin (roasts), boneless, separable lean only, cooked, roasted",173.0,47.0,1.927,,
10022,"Pork, fresh, loin, whole, separable lean and fat, cooked, broiled",242.0,62.0,5.23,,
10954,"Pork, fresh, shoulder, (Boston butt), blade (steaks), separable lean and fat, with added solution, cooked, braised",263.0,151.0,6.288,,
10953,"Pork, fresh, shoulder, (Boston butt), blade (steaks), separable lean and fat,with added solution, raw",169.0,155.0,3.912,,
10083,"Pork, fresh, shoulder, blade, boston (roasts), separable lean and fat, cooked, roasted",269.0,67.0,6.97,,
10086,"Pork, fresh, shoulder, blade, boston (steaks), separable lean only, cooked, broiled",227.0,74.0,4.45,,
10071,"Pork, fresh, shoulder, whole, separable lean and fat, cooked, roasted",292.0,68.0,7.86,,
10097,"Pork, fresh, variety meats and by-products, brain, cooked, braised",138.0,91.0,2.15,,
10102,"Pork, fresh, variety meats and by-products, feet, raw",212.0,132.0,3.57,,
10115,"Pork, fresh, variety meats and by-products, pancreas, raw",199.0,44.0,4.58,,
10976,"Pork, ground, 96% lean / 4% fat, cooked, crumbles",187.0,84.0,1.951,,
10973,"Pork, ground, 96% lean / 4% fat, raw",121.0,67.0,1.42,,
10963,"Pork, Leg sirloin tip roast, boneless, separable lean and fat, raw",113.0,50.0,0.524,,
11364,"Potatoes, baked, skin, without salt",198.0,21.0,0.026,,
11833,"Potatoes, boiled, cooked without skin, flesh, with salt",86.0,241.0,0.026,,
11367,"Potatoes, boiled, cooked without skin, flesh, without salt",86.0,5.0,0.026,,
11352,"Potatoes, flesh and skin, raw",77.0,6.0,0.025,,
11406,"Potatoes, french fried, cottage-cut, salt not added in processing, frozen, as purchased",153.0,32.0,2.743,,
11378,"Potatoes, mashed, dehydrated, flakes without milk, dry form",354.0,77.0,0.169,,
11379,"Potatoes, mashed, dehydrated, prepared from flakes without milk, whole milk and butter added",97.0,164.0,3.191,,
11383,"Potatoes, mashed, dehydrated, prepared from granules with milk, water and margarine added",116.0,172.0,0.955,,
11381,"Potatoes, mashed, dehydrated, prepared from granules without milk, whole milk and butter added",108.0,257.0,3.056,,
11361,"Potatoes, roasted, salt added in processing, frozen, unprepared",130.0,298.0,0.167,,
11356,"Potatoes, Russet, flesh and skin, baked",97.0,14.0,0.032,,
11372,"Potatoes, scalloped, home-prepared with butter",88.0,335.0,2.255,,
06229,"PREGO Pasta, Mushroom and Garlic Italian Sauce, ready-to-serve",62.0,362.0,0.0,,
19706,"Puddings, banana, dry mix, regular, with added oil",387.0,788.0,0.9,,
19189,"Puddings, chocolate, dry mix, regular, prepared with whole milk",120.0,98.0,1.81,,
19183,"Puddings, chocolate, ready-to-eat",142.0,152.0,1.263,,
19235,"Puddings, chocolate, ready-to-eat, fat free",93.0,154.0,0.0,,
19708,"Puddings, lemon, dry mix, regular, with added oil, potassium, sodium",366.0,849.0,0.27,,
19193,"Puddings, rice, ready-to-eat",108.0,97.0,1.208,,
19709,"Puddings, tapioca, dry mix, with no added salt",369.0,8.0,--,,
19234,"Puddings, tapioca, ready-to-eat, fat free",94.0,187.0,0.122,,
19710,"Puddings, vanilla, dry mix, regular, with added oil",369.0,754.0,0.2,,
11428,"Purslane, cooked, boiled, drained, without salt",18.0,44.0,--,,
11427,"Purslane, raw",20.0,45.0,--,,
11429,"Radishes, raw",16.0,39.0,0.032,,
20090,"Rice flour, brown",363.0,8.0,0.557,,
20134,"Rice noodles, cooked",108.0,19.0,0.023,,
20545,"Rice, white, long-grain, regular, cooked, unenriched, with salt",130.0,382.0,0.077,,
20444,"Rice, white, long-grain, regular, raw, unenriched",365.0,5.0,0.18,,
20451,"Rice, white, medium-grain, cooked, unenriched",130.0,0.0,0.057,,
09428,"Rowal, raw",111.0,4.0,0.245,,
04133,"Salad dressing, french, home recipe",631.0,658.0,12.6,,
04013,"Salad dressing, KRAFT Mayo Fat Free Mayonnaise Dressing",64.0,750.0,0.0,,
04018,"Salad dressing, mayonnaise type, regular, with salt",250.0,653.0,3.396,,
04028,"Salad dressing, mayonnaise, imitation, milk cream",97.0,504.0,2.8,,
04027,"Salad dressing, mayonnaise, imitation, soybean",232.0,497.0,3.3,,
04025,"Salad dressing, mayonnaise, regular",680.0,635.0,11.703,,
04026,"Salad dressing, mayonnaise, soybean and safflower oil, with salt",717.0,568.0,8.6,,
04022,"Salad dressing, russian dressing, low calorie",141.0,868.0,0.6,,
04016,"Salad dressing, sesame seed dressing, regular",443.0,1000.0,6.2,,
04023,"Salad dressing, thousand island dressing, reduced fat",195.0,955.0,0.746,,
07926,"Salami, Italian, pork",425.0,1890.0,13.1,,
07913,"Salami, pork, beef, less sodium",396.0,623.0,10.58,,
06930,"Sauce, cheese, ready-to-serve",174.0,828.0,6.01,,
07928,"Sausage, chicken, beef, pork, skinless, smoked",216.0,1034.0,4.8,,
07914,"Sausage, Italian, sweet, links",149.0,570.0,3.257,,
07917,"Sausage, pork and beef, with cheddar cheese, smoked",296.0,848.0,9.482,,
07929,"Sausage, turkey, hot, smoked",158.0,916.0,3.401,,
12013,"Seeds, lotus seeds, dried",332.0,5.0,0.33,,
12516,"Seeds, pumpkin and squash seed kernels, roasted, with salt added",574.0,256.0,8.544,,
12022,"Seeds, safflower seed meal, partially defatted",342.0,3.0,0.207,,
12033,"Seeds, sesame flour, low-fat",333.0,39.0,0.201,,
12038,"Seeds, sunflower seed kernels, oil roasted, without salt",592.0,3.0,7.068,,
12039,"Seeds, sunflower seed kernels, toasted, without salt",619.0,3.0,5.953,,
11447,"Sesbania flower, raw",27.0,15.0,--,,
04546,"Shortening bread, soybean (hydrogenated) and cottonseed",884.0,0.0,22.0,,
19007,"Snacks, corn-based, extruded, onion-flavor",499.0,950.0,4.34,,
19008,"Snacks, corn-based, extruded, puffs or twists, cheese-flavor",567.0,928.0,3.749,,
19010,"Snacks, crisped rice bar, chocolate chip",404.0,278.0,5.24,,
19014,"Snacks, fruit leather, rolls",371.0,317.0,0.672,,
19033,"Snacks, GENERAL MILLS, CHEX MIX, traditional flavor",428.0,696.0,1.601,,
19021,"Snacks, granola bars, soft, uncoated, peanut butter",426.0,409.0,3.65,,
19438,"Snacks, KELLOGG, KELLOGG'S RICE KRISPIES TREATS Squares",414.0,351.0,1.4,,
19031,"Snacks, oriental mix, rice-based",506.0,413.0,3.785,,
19408,"Snacks, pork skins, barbecue-flavor",538.0,2667.0,11.56,,
19042,"Snacks, potato chips, barbecue-flavor",487.0,545.0,4.002,,
19437,"Snacks, potato chips, fat free, salted",379.0,643.0,0.15,,
19423,"Snacks, potato chips, fat-free, made with olestra",274.0,554.0,0.24,,
19412,"Snacks, potato chips, made from dried potatoes, cheese-flavor",551.0,600.0,9.57,,
19445,"Snacks, potato chips, made from dried potatoes, fat-free, made with olestra",253.0,429.0,0.355,,
19415,"Snacks, potato sticks",522.0,633.0,8.88,,
19050,"Snacks, pretzels, hard, whole-wheat including both salted and unsalted",362.0,203.0,0.56,,
19052,"Snacks, rice cakes, brown rice, buckwheat",380.0,116.0,0.64,,
19413,"Snacks, rice cakes, brown rice, corn",385.0,167.0,0.63,,
19414,"Snacks, rice cakes, brown rice, multigrain",387.0,252.0,0.56,,
19444,"Snacks, tortilla chips, low fat, made with olestra, nacho cheese",318.0,705.0,1.054,,
19424,"Snacks, tortilla chips, nacho-flavor, reduced fat",445.0,1003.0,2.91,,
19058,"Snacks, tortilla chips, ranch-flavor",501.0,519.0,3.539,,
19822,"Snacks, trail mix, regular, with chocolate chips, unsalted nuts and seeds",484.0,27.0,6.1,,
20648,"Sorghum flour, whole-grain",359.0,3.0,0.528,,
06731,"Soup, bean with bacon, condensed, single brand",117.0,672.0,0.601,,
06749,"Soup, beef and vegetables, canned, ready-to-serve",48.0,326.0,0.407,,
06432,"Soup, beef broth, bouillon, consomme, prepared with equal volume water",12.0,264.0,0.0,,
06009,"Soup, beef noodle, canned, condensed",67.0,653.0,0.91,,
06002,"Soup, black bean, canned, condensed",91.0,970.0,0.34,,
06080,"Soup, chicken broth or bouillon, dry",267.0,23875.0,3.43,,
06017,"Soup, chicken gumbo, canned, condensed",45.0,693.0,0.26,,
06726,"Soup, chicken mushroom chowder, chunky, ready-to-serve, single brand",80.0,339.0,1.15,,
06128,"Soup, chicken noodle, dry, mix",377.0,3643.0,1.969,,
06023,"Soup, chicken with rice, canned, condensed",68.0,645.0,0.37,,
06015,"Soup, chicken, canned, chunky, ready-to-serve",71.0,354.0,0.79,,
06410,"Soup, cream of celery, canned, prepared with equal volume water",37.0,254.0,0.58,,
06955,"Soup, cream of chicken, canned, condensed, reduced sodium",58.0,357.0,0.5,,
06736,"Soup, cream of chicken, canned, condensed, single brand",99.0,788.0,1.61,,
06043,"Soup, cream of mushroom, canned, condensed",79.0,691.0,0.964,,
06456,"Soup, cream of shrimp, canned, prepared with equal volume water",36.0,391.0,1.29,,
06045,"Soup, onion, canned, condensed",46.0,516.0,0.21,,
06049,"Soup, pea, green, canned, condensed",125.0,680.0,1.07,,
06050,"Soup, pea, split with ham, canned, chunky, ready-to-serve",77.0,301.0,0.66,,
06956,"Soup, tomato, canned, condensed, reduced sodium",65.0,22.0,0.155,,
06742,"Soup, vegetable beef, microwavable, ready-to-serve, single brand",44.0,376.0,0.221,,
01058,"Sour dressing, non-butterfat, cultured, filled cream-type",178.0,48.0,13.272,,
11451,"Soybeans, green, cooked, boiled, drained, without salt",141.0,14.0,0.74,,
11450,"Soybeans, green, raw",147.0,15.0,0.786,,
11453,"Soybeans, mature seeds, sprouted, cooked, steamed",81.0,10.0,0.617,,
02002,"Spices, anise seed",337.0,16.0,0.586,,
02004,"Spices, bay leaf",313.0,23.0,2.28,,
02005,"Spices, caraway seed",333.0,17.0,0.62,,
02010,"Spices, cinnamon, ground",247.0,10.0,0.345,,
02015,"Spices, curry powder",325.0,52.0,1.648,,
02021,"Spices, ginger, ground",335.0,27.0,2.599,,
02022,"Spices, mace, ground",475.0,80.0,9.51,,
02023,"Spices, marjoram, dried",271.0,77.0,0.529,,
02024,"Spices, mustard seed, ground",508.0,13.0,1.989,,
02025,"Spices, nutmeg, ground",525.0,16.0,25.94,,
02039,"Spices, savory, ground",272.0,24.0,3.26,,
02041,"Spices, tarragon, dried",295.0,62.0,1.881,,
02042,"Spices, thyme, dried",276.0,55.0,2.73,,
02043,"Spices, turmeric, ground",312.0,27.0,1.838,,
11459,"Spinach, canned, regular pack, solids and liquids",19.0,319.0,0.06,,
11457,"Spinach, raw",23.0,79.0,0.063,,
05160,"Squab, (pigeon), meat and skin, raw",294.0,54.0,8.43,,
11474,"Squash, summer, crookneck and straightneck, frozen, cooked, boiled, drained, without salt",25.0,6.0,0.04,,
11478,"Squash, summer, zucchini, includes skin, cooked, boiled, drained, without salt",15.0,3.0,0.072,,
11481,"Squash, summer, zucchini, italian style, canned",29.0,374.0,0.023,,
11865,"Squash, winter, acorn, cooked, boiled, mashed, with salt",34.0,239.0,0.017,,
11484,"Squash, winter, acorn, cooked, boiled, mashed, without salt",34.0,3.0,0.017,,
11486,"Squash, winter, butternut, cooked, baked, without salt",40.0,4.0,0.019,,
11488,"Squash, winter, butternut, frozen, cooked, boiled, without salt",39.0,2.0,0.014,,
11868,"Squash, winter, hubbard, baked, with salt",50.0,244.0,0.128,,
11869,"Squash, winter, hubbard, cooked, boiled, mashed, with salt",30.0,241.0,0.076,,
11491,"Squash, winter, hubbard, cooked, boiled, mashed, without salt",30.0,5.0,0.076,,
11873,"Swamp cabbage (skunk cabbage), cooked, boiled, drained, with salt",20.0,358.0,--,,
11647,"Sweet potato, canned, syrup pack, drained solids",108.0,39.0,0.069,,
11875,"Sweet potato, cooked, baked in skin, flesh, with salt",92.0,246.0,0.052,,
19918,"Sweetener, herbal extract powder from Stevia leaf",0.0,--,--,,
19906,"Sweeteners, for baking, brown, contains sugar and sucralose",388.0,11.0,--,,
19129,"Syrups, table blends, pancake",234.0,82.0,0.0,,
19720,"Syrups, table blends, pancake, with 2% maple, with added potassium",265.0,61.0,0.0,,
09437,"Tamarind nectar, canned",57.0,7.0,--,,
09218,"Tangerines, (mandarin oranges), raw",53.0,2.0,0.039,,
11526,"Taro, tahitian, cooked, without salt",44.0,54.0,0.139,,
20143,"Teff, cooked",101.0,8.0,--,,
18939,"Toaster pastries, fruit, toasted (include apple, blueberry, cherry, strawberry)",409.0,354.0,2.637,,
16426,"Tofu, raw, firm, prepared with calcium sulfate",144.0,14.0,1.261,,
11540,"Tomato juice, canned, with salt added",17.0,253.0,0.019,,
11886,"Tomato juice, canned, without salt added",17.0,10.0,0.019,,
11888,"Tomato products, canned, puree, with salt added",38.0,202.0,0.029,,
11547,"Tomato products, canned, puree, without salt added",38.0,28.0,0.029,,
11553,"Tomato products, canned, sauce, with onions",42.0,551.0,0.03,,
11557,"Tomato products, canned, sauce, with onions, green peppers, and celery",41.0,368.0,0.133,,
11559,"Tomato products, canned, sauce, with tomato tidbits",32.0,15.0,0.055,,
11531,"Tomatoes, red, ripe, canned, packed in tomato juice",16.0,115.0,0.034,,
11533,"Tomatoes, red, ripe, canned, stewed",26.0,221.0,0.026,,
18970,"Tortillas, ready-to-bake or -fry, flour, shelf stable",297.0,742.0,1.225,,
11563,"Tree fern, cooked, without salt",40.0,5.0,0.009,,
05697,"Turkey from whole, light meat, meat only, with added solution, cooked, roasted",127.0,238.0,0.593,,
07955,"Turkey sausage, fresh, raw",155.0,593.0,1.963,,
05190,"Turkey, all classes, back, meat and skin, cooked, roasted",244.0,73.0,4.18,,
05194,"Turkey, all classes, leg, meat and skin, cooked, roasted",208.0,77.0,3.06,,
05220,"Turkey, breast, from whole bird, meat only, roasted",147.0,99.0,0.593,,
07943,"Turkey, breast, smoked, lemon pepper flavor, 97% fat-free",95.0,1160.0,0.22,,
05184,"Turkey, dark meat from whole, meat and skin, cooked, roasted",206.0,105.0,2.93,,
05738,"Turkey, drumstick, from whole bird, meat only, raw",109.0,113.0,0.289,,
05743,"Turkey, retail parts, thigh, meat and skin, cooked, roasted",183.0,101.0,2.96,,
07944,"Turkey, white, rotisserie, deli cut",112.0,1200.0,0.118,,
11893,"Turnip greens and turnips, frozen, cooked, boiled, drained, with salt",34.0,255.0,0.085,,
11569,"Turnip greens, cooked, boiled, drained, without salt",20.0,29.0,0.053,,
11892,"Turnip greens, frozen, cooked, boiled, drained, with salt",29.0,251.0,0.099,,
11575,"Turnip greens, frozen, cooked, boiled, drained, without salt",29.0,15.0,0.099,,
11574,"Turnip greens, frozen, unprepared",22.0,12.0,0.073,,
11567,"Turnips, frozen, cooked, boiled, drained, without salt",23.0,36.0,0.025,,
07907,"USDA Commodity, pork sausage, bulk/links/patties, frozen, raw",231.0,507.0,4.968,,
02050,"Vanilla extract",288.0,9.0,0.01,,
17351,"Veal, Australian, shank, hind, bone-in, separable lean only, raw",122.0,98.0,1.7,,
17270,"Veal, breast, separable fat, cooked",521.0,49.0,21.407,,
17272,"Veal, breast, whole, boneless, separable lean and fat, cooked, braised",266.0,65.0,6.55,,
17271,"Veal, breast, whole, boneless, separable lean and fat, raw",208.0,71.0,5.896,,
17275,"Veal, breast, whole, boneless, separable lean only, cooked, braised",218.0,68.0,3.72,,
17277,"Veal, shank (fore and hind), separable lean and fat, cooked, braised",191.0,93.0,2.078,,
17276,"Veal, shank (fore and hind), separable lean and fat, raw",113.0,84.0,1.06,,
17278,"Veal, shank (fore and hind), separable lean only, raw",108.0,85.0,0.738,,
11578,"Vegetable juice cocktail, canned",22.0,169.0,0.088,,
14439,"Water, bottled, non-carbonated, NAYA",0.0,1.0,--,,
20381,"Wheat flour, white, all-purpose, enriched, calcium-fortified",364.0,2.0,0.155,,
20481,"Wheat flour, white, all-purpose, unenriched",364.0,2.0,0.155,,
20083,"Wheat flour, white, bread, enriched",361.0,2.0,0.244,,
01115,"Whey, sweet, dried",353.0,1079.0,0.684,,
14530,"Whiskey sour mix, bottled, with added potassium and sodium",84.0,33.0,0.008,,
11200,"Yardlong bean, cooked, boiled, drained, without salt",47.0,4.0,0.026,,
01122,"Yogurt, fruit, low fat, 11 grams protein per 8 ounce",105.0,65.0,0.909,,
01120,"Yogurt, fruit, low fat, 9 grams protein per 8 ounce",99.0,53.0,0.742,,
01117,"Yogurt, plain, low fat, 12 grams protein per 8 ounce",63.0,70.0,1.0,,
01116,"Yogurt, plain, whole milk, 8 grams protein per 8 ounce",61.0,46.0,2.096,,
